gbifID,countryCode,stateProvince,decimalLatitude,decimalLongitude,eventDate,year,month,day,datasetName,basisOfRecord,date,date_str,temp_mean,precip,humidity,wind_max
5231204980,DE,Rheinland-Pfalz,50.245105,7.577645,2025-07-12T10:36,2025,7,12.0,iNaturalist research-grade observations,HUMAN_OBSERVATION,2025-07-12,2025-07-12,19.9,0.0,66.0,14.4
5759905965,AT,Steiermark,46.872512,15.855192,2025-07-27T10:09,2025,7,27.0,iNaturalist research-grade observations,HUMAN_OBSERVATION,2025-07-27,2025-07-27,19.5,8.4,86.0,13.0
5830405532,RU,Tver',56.949115,35.73359,2025-09-20T17:53:59,2025,9,20.0,iNaturalist research-grade observations,HUMAN_OBSERVATION,2025-09-20,2025-09-20,13.0,0.0,79.0,19.4
5889463355,PT,Coimbra,40.154493,-8.711293,2025-10-10T16:33,2025,10,10.0,iNaturalist research-grade observations,HUMAN_OBSERVATION,2025-10-10,2025-10-10,20.1,0.0,59.0,19.2
4863914651,IT,Lombardia,45.003314,9.184298,2024-05-14T10:14:28,2024,5,14.0,iNaturalist research-grade observations,HUMAN_OBSERVATION,2024-05-14,2024-05-14,17.2,7.6,83.0,14.1
4908075362,NL,Gelderland,51.994536,5.676419,2024-06-23T20:59,2024,6,23.0,iNaturalist research-grade observations,HUMAN_OBSERVATION,2024-06-23,2024-06-23,17.6,0.7,78.0,13.6
4908358505,DE,Rheinland-Pfalz,50.253761,7.605006,2024-06-29T12:24,2024,6,29.0,iNaturalist research-grade observations,HUMAN_OBSERVATION,2024-06-29,2024-06-29,21.0,0.7,70.0,8.1
4930376121,DE,Rheinland-Pfalz,50.253761,7.605006,2024-06-29,2024,6,29.0,,HUMAN_OBSERVATION,2024-06-29,2024-06-29,21.0,0.7,70.0,8.1
4976299239,NL,Gelderland,51.967394,5.663992,2024-06-17T16:15,2024,6,17.0,iNaturalist research-grade observations,HUMAN_OBSERVATION,2024-06-17,2024-06-17,,,,
4908138168,DE,Nordrhein-Westfalen,50.773791,7.08817,2024-07-04T20:18:19,2024,7,4.0,iNaturalist research-grade observations,HUMAN_OBSERVATION,2024-07-04,2024-07-04,16.5,2.9,72.0,20.9
4921564686,FR,Languedoc-Roussillon,43.80612,4.12528,2024-07-17T14:33,2024,7,17.0,iNaturalist research-grade observations,HUMAN_OBSERVATION,2024-07-17,2024-07-17,24.6,0.0,47.0,15.5
4921656431,CH,Sankt Gallen,47.125438,9.319312,2024-07-23T19:06,2024,7,23.0,iNaturalist research-grade observations,HUMAN_OBSERVATION,2024-07-23,2024-07-23,21.0,1.4,82.0,7.1
4954377970,NL,Gelderland,51.982161,5.652822,2024-07-01T22:01,2024,7,1.0,iNaturalist research-grade observations,HUMAN_OBSERVATION,2024-07-01,2024-07-01,15.5,0.7,76.0,18.5
4986128394,NL,Utrecht,52.05,4.9,2024-07-10,2024,7,10.0,,HUMAN_OBSERVATION,2024-07-10,2024-07-10,18.6,1.4,83.0,23.1
5022060265,DE,,51.930058,7.971589,2024-07-28T00:00,2024,7,28.0,,HUMAN_OBSERVATION,2024-07-28,2024-07-28,18.6,2.3,75.0,13.9
5921813713,BE,Limburg,50.963648,5.365391,2024-07-04,2024,7,4.0,Funbel,HUMAN_OBSERVATION,2024-07-04,2024-07-04,16.2,1.5,72.0,22.7
5922178273,BE,Vlaams Brabant,50.823053,4.851462,2024-07-17,2024,7,17.0,Funbel,HUMAN_OBSERVATION,2024-07-17,2024-07-17,18.5,2.5,78.0,17.4
4921875052,AT,Steiermark,46.872413,15.856058,2024-08-02T11:09,2024,8,2.0,iNaturalist research-grade observations,HUMAN_OBSERVATION,2024-08-02,2024-08-02,23.5,1.9,73.0,13.6
4924027156,CH,Vaud,46.854794,6.732851,2024-08-08T19:18,2024,8,8.0,iNaturalist research-grade observations,HUMAN_OBSERVATION,2024-08-08,2024-08-08,21.8,0.8,77.0,9.4
4926032085,CH,Bern,47.099121,7.319295,2024-08-20T14:53,2024,8,20.0,iNaturalist research-grade observations,HUMAN_OBSERVATION,2024-08-20,2024-08-20,18.5,0.0,80.0,11.6
4935633383,DE,Bayern,48.588533,13.461502,2024-08-27T10:09:42,2024,8,27.0,iNaturalist research-grade observations,HUMAN_OBSERVATION,2024-08-27,2024-08-27,20.5,0.0,76.0,13.4
4935790136,PL,Silesian,50.922526,18.68539,2024-08-27T11:28:04,2024,8,27.0,iNaturalist research-grade observations,HUMAN_OBSERVATION,2024-08-27,2024-08-27,19.7,0.0,63.0,15.0
4940780668,CH,Vd,46.83656,6.75045,2024-08-08,2024,8,8.0,,HUMAN_OBSERVATION,2024-08-08,2024-08-08,,,,
4940804717,CH,Be,47.10845,7.33982,2024-08-20,2024,8,20.0,,HUMAN_OBSERVATION,2024-08-20,2024-08-20,19.0,0.0,80.0,11.6
4949943138,DE,Baden-Württemberg,48.543133,9.300629,2024-08-14T16:06,2024,8,14.0,iNaturalist research-grade observations,HUMAN_OBSERVATION,2024-08-14,2024-08-14,,,,
4954243913,DE,Berlin,52.457702,13.305928,2024-08-21T09:58:10,2024,8,21.0,iNaturalist research-grade observations,HUMAN_OBSERVATION,2024-08-21,2024-08-21,20.4,1.3,63.0,27.9
5071005409,UA,Sums'ka Oblast',50.8964,34.7741,2024-08-06,2024,8,6.0,,HUMAN_OBSERVATION,2024-08-06,2024-08-06,20.4,0.0,72.0,8.9
5921764784,BE,Luxembourg,49.523799,5.501409,2024-08-15,2024,8,15.0,Funbel,HUMAN_OBSERVATION,2024-08-15,2024-08-15,19.9,0.3,81.0,15.7
4940922720,DK,,55.966936,10.552048,2024-09-04,2024,9,4.0,,HUMAN_OBSERVATION,2024-09-04,2024-09-04,19.1,1.2,90.0,35.5
4954327307,HU,Vas,47.201983,16.69054,2024-09-15T16:47,2024,9,15.0,iNaturalist research-grade observations,HUMAN_OBSERVATION,2024-09-15,2024-09-15,11.6,23.6,69.0,48.5
4954534374,DE,Baden-Württemberg,49.004916,8.421433,2024-09-21T15:49,2024,9,21.0,iNaturalist research-grade observations,HUMAN_OBSERVATION,2024-09-21,2024-09-21,16.7,0.0,77.0,9.0
4954545399,DE,Niedersachsen,51.538306,9.936291,2024-09-02T10:22,2024,9,2.0,iNaturalist research-grade observations,HUMAN_OBSERVATION,2024-09-02,2024-09-02,,,,
4954789069,FR,Île-de-France,48.871337,2.334191,2024-09-08T10:16:09,2024,9,8.0,iNaturalist research-grade observations,HUMAN_OBSERVATION,2024-09-08,2024-09-08,16.3,4.7,80.0,24.2
4957243980,NL,Utrecht,52.1,5.1,2024-09-06,2024,9,6.0,,HUMAN_OBSERVATION,2024-09-06,2024-09-06,21.9,6.6,67.0,18.7
5153901621,PL,Opole,50.305189,17.511426,2024-09-06T12:25:29,2024,9,6.0,iNaturalist research-grade observations,HUMAN_OBSERVATION,2024-09-06,2024-09-06,,,,
5921889749,BE,Vlaams Brabant,50.822805,4.908229,2024-09-04,2024,9,4.0,Funbel,HUMAN_OBSERVATION,2024-09-04,2024-09-04,18.2,1.9,83.0,10.8
4998532530,DE,,49.950787,8.180385,2024-10-07,2024,10,7.0,,HUMAN_OBSERVATION,2024-10-07,2024-10-07,13.4,12.9,90.0,14.1
5223287723,BE,,50.920277,4.758611,2023-06-27,2023,6,27.0,,PRESERVED_SPECIMEN,2023-06-27,2023-06-27,18.2,0.2,64.0,14.8
5922334164,BE,Vlaams Brabant,50.931339,4.738777,2023-06-27,2023,6,27.0,Funbel,HUMAN_OBSERVATION,2023-06-27,2023-06-27,18.3,0.0,64.0,15.1
4954327110,HU,Fejér,47.157942,18.630685,2023-07-20T18:34:40,2023,7,20.0,iNaturalist research-grade observations,HUMAN_OBSERVATION,2023-07-20,2023-07-20,,,,
4954379167,HU,Veszprém,47.005904,17.972882,2023-07-19T11:27:27,2023,7,19.0,iNaturalist research-grade observations,HUMAN_OBSERVATION,2023-07-19,2023-07-19,26.5,0.0,59.0,19.3
4954679756,AT,Steiermark,46.872483,15.855982,2023-07-27T10:13,2023,7,27.0,iNaturalist research-grade observations,HUMAN_OBSERVATION,2023-07-27,2023-07-27,17.2,0.0,61.0,15.9
5018909385,DE,,50.792519,12.931861,2023-07-13T00:00,2023,7,13.0,,HUMAN_OBSERVATION,2023-07-13,2023-07-13,20.6,1.7,55.0,21.7
4424469249,NL,Gelderland,51.965004,5.668765,2023-09-29T17:22,2023,9,29.0,iNaturalist research-grade observations,HUMAN_OBSERVATION,2023-09-29,2023-09-29,17.1,1.2,80.0,25.1
4933428196,NL,Gelderland,51.95,5.9,2023-09-12,2023,9,12.0,,HUMAN_OBSERVATION,2023-09-12,2023-09-12,20.1,7.9,87.0,10.5
4933519770,NL,Gelderland,51.95,5.95,2023-09-16,2023,9,16.0,,HUMAN_OBSERVATION,2023-09-16,2023-09-16,18.4,0.0,77.0,15.1
4954348698,NL,Gelderland,51.980069,5.666057,2023-09-13T17:14,2023,9,13.0,iNaturalist research-grade observations,HUMAN_OBSERVATION,2023-09-13,2023-09-13,17.4,3.6,84.0,20.8
5024287618,DE,,52.293331,7.421625,2023-09-17T00:00,2023,9,17.0,,HUMAN_OBSERVATION,2023-09-17,2023-09-17,19.5,5.4,79.0,14.5
3881515235,RU,Tatarstan,56.033494,48.727058,2022-07-30T17:26:29,2022,7,30.0,iNaturalist research-grade observations,HUMAN_OBSERVATION,2022-07-30,2022-07-30,19.9,6.1,72.0,11.1
3904755159,DE,Nordrhein-Westfalen,51.4,7.06,2022-08-18,2022,8,18.0,,HUMAN_OBSERVATION,2022-08-18,2022-08-18,20.2,0.8,78.0,11.3
3994172614,RU,Bryansk,52.316833,34.092005,2022-08-04T11:13,2022,8,4.0,iNaturalist research-grade observations,HUMAN_OBSERVATION,2022-08-04,2022-08-04,20.7,3.6,83.0,20.3
3903410264,PT,Aveiro,40.368913,-8.410075,2022-09-10T15:53:03,2022,9,10.0,iNaturalist research-grade observations,HUMAN_OBSERVATION,2022-09-10,2022-09-10,,,,
3915572742,CZ,Jihomoravský,49.06897,17.07186,2022-09-24T09:22,2022,9,24.0,iNaturalist research-grade observations,HUMAN_OBSERVATION,2022-09-24,2022-09-24,,,,
4408078806,NL,Gelderland,51.95,5.85,2022-09-30,2022,9,30.0,,HUMAN_OBSERVATION,2022-09-30,2022-09-30,11.0,0.0,80.0,25.5
4408235807,NL,Gelderland,52.0,6.05,2022-09-28,2022,9,28.0,,HUMAN_OBSERVATION,2022-09-28,2022-09-28,9.3,2.0,87.0,14.9
6171647718,DE,,52.368443,12.93348,2022-09-23T00:00,2022,9,23.0,,HUMAN_OBSERVATION,2022-09-23,2022-09-23,11.1,0.0,74.0,8.9
4408180776,NL,Gelderland,51.95,5.9,2022-10-19,2022,10,19.0,,HUMAN_OBSERVATION,2022-10-19,2022-10-19,10.2,0.0,85.0,18.7
4408239489,NL,Gelderland,51.95,5.85,2022-10-20,2022,10,20.0,,HUMAN_OBSERVATION,2022-10-20,2022-10-20,12.1,5.3,89.0,20.2
4408255731,NL,Gelderland,52.05,6.1,2022-10-04,2022,10,4.0,,HUMAN_OBSERVATION,2022-10-04,2022-10-04,,,,
4499636869,DE,,49.0,8.4,2022-10-25,2022,10,25.0,,PRESERVED_SPECIMEN,2022-10-25,2022-10-25,14.7,0.5,79.0,16.9
5071005411,UA,Sums'ka Oblast',50.8957,34.7747,2021-06-18,2021,6,18.0,,HUMAN_OBSERVATION,2021-06-18,2021-06-18,21.6,0.0,58.0,21.9
3327874604,IT,Piemonte,44.706446,8.296255,2021-07-15T18:20:11,2021,7,15.0,iNaturalist research-grade observations,HUMAN_OBSERVATION,2021-07-15,2021-07-15,20.0,0.9,74.0,15.3
3344028093,UA,Kiev,50.177355,30.320577,2021-08-22T19:54:27,2021,8,22.0,iNaturalist research-grade observations,HUMAN_OBSERVATION,2021-08-22,2021-08-22,18.6,0.0,69.0,11.2
5020419701,DE,,48.85503,9.38889,2021-08-16T00:00,2021,8,16.0,,HUMAN_OBSERVATION,2021-08-16,2021-08-16,19.2,2.4,76.0,23.1
5921770218,BE,Vlaams Brabant,50.895382,4.738493,2021-08-30,2021,8,30.0,Funbel,HUMAN_OBSERVATION,2021-08-30,2021-08-30,16.8,2.0,86.0,16.6
5921819250,BE,Vlaams Brabant,50.931145,4.795676,2021-08-13,2021,8,13.0,Funbel,HUMAN_OBSERVATION,2021-08-13,2021-08-13,19.0,0.0,75.0,15.6
5921891766,BE,Vlaams Brabant,50.895382,4.738493,2021-08-09,2021,8,9.0,Funbel,HUMAN_OBSERVATION,2021-08-09,2021-08-09,16.3,7.6,81.0,25.0
5921950043,BE,Vlaams Brabant,50.895382,4.738493,2021-08-24,2021,8,24.0,Funbel,HUMAN_OBSERVATION,2021-08-24,2021-08-24,,,,
5921950463,BE,Vlaams Brabant,50.967794,4.511288,2021-08-29,2021,8,29.0,Funbel,HUMAN_OBSERVATION,2021-08-29,2021-08-29,15.2,4.2,88.0,21.5
5921974461,BE,Vlaams Brabant,51.001674,5.081256,2021-08-27,2021,8,27.0,Funbel,HUMAN_OBSERVATION,2021-08-27,2021-08-27,15.0,1.7,82.0,19.7
5922371943,BE,Vlaams Brabant,50.895382,4.738493,2021-08-31,2021,8,31.0,Funbel,HUMAN_OBSERVATION,2021-08-31,2021-08-31,16.6,0.2,83.0,14.0
3384391760,CZ,Jihomoravský,49.150304,16.878043,2021-09-13T18:05:37,2021,9,13.0,iNaturalist research-grade observations,HUMAN_OBSERVATION,2021-09-13,2021-09-13,19.5,0.1,71.0,13.4
3868375380,NL,Gelderland,51.9864,5.7474,2021-09-26,2021,9,26.0,,PRESERVED_SPECIMEN,2021-09-26,2021-09-26,17.4,0.6,86.0,15.3
4120045955,CH,Lu,47.06009,8.32714,2021-09-19,2021,9,19.0,,HUMAN_OBSERVATION,2021-09-19,2021-09-19,,,,
4120050179,CH,Lu,47.06009,8.32714,2021-09-19,2021,9,19.0,,HUMAN_OBSERVATION,2021-09-19,2021-09-19,12.5,23.2,86.0,9.9
5079994217,AT,,46.53583,14.43944,2021-09-19,2021,9,19.0,,PRESERVED_SPECIMEN,2021-09-19,2021-09-19,14.3,5.2,83.0,7.2
5922182742,BE,Vlaams Brabant,50.931339,4.738777,2021-09-28,2021,9,28.0,Funbel,HUMAN_OBSERVATION,2021-09-28,2021-09-28,13.9,0.0,75.0,17.8
3391480651,CZ,Jihomoravský,49.15046,16.877965,2021-10-08T15:13,2021,10,8.0,iNaturalist research-grade observations,HUMAN_OBSERVATION,2021-10-08,2021-10-08,,,,
3905881924,NL,Gelderland,51.95,5.65,2021-10-03,2021,10,3.0,,HUMAN_OBSERVATION,2021-10-03,2021-10-03,13.8,26.1,89.0,34.2
5922196214,BE,Vlaams Brabant,50.931145,4.795676,2021-10-01,2021,10,1.0,Funbel,HUMAN_OBSERVATION,2021-10-01,2021-10-01,13.4,7.0,72.0,23.8
2826385754,BY,Minsk,54.202713,27.857512,2020-07-24T11:47:20,2020,7,24.0,iNaturalist research-grade observations,HUMAN_OBSERVATION,2020-07-24,2020-07-24,14.8,0.0,66.0,17.9
4459991953,ES,Valencia,39.543695,-0.346191,2020-07-12,2020,7,12.0,,HUMAN_OBSERVATION,2020-07-12,2020-07-12,,,,
4462027577,ES,Valencia,39.543695,-0.346191,2020-07-12,2020,7,12.0,,HUMAN_OBSERVATION,2020-07-12,2020-07-12,25.2,0.0,71.0,15.8
4462150891,ES,Barcelona,42.039015,2.07824,2020-07-15,2020,7,15.0,,HUMAN_OBSERVATION,2020-07-15,2020-07-15,18.8,0.1,75.0,13.0
4462213616,ES,Valencia,39.543695,-0.346191,2020-07-12,2020,7,12.0,,HUMAN_OBSERVATION,2020-07-12,2020-07-12,25.2,0.0,71.0,15.8
2850720350,LV,Zemgale,56.411999,24.022018,2020-08-06T12:59,2020,8,6.0,iNaturalist research-grade observations,HUMAN_OBSERVATION,2020-08-06,2020-08-06,18.2,0.0,70.0,11.8
2851274173,RU,Bashkortostan,54.599734,56.111284,2020-08-17T10:09,2020,8,17.0,iNaturalist research-grade observations,HUMAN_OBSERVATION,2020-08-17,2020-08-17,12.9,4.4,82.0,16.9
2851293156,DE,Bayern,48.809066,12.887893,2020-08-16T16:08,2020,8,16.0,iNaturalist research-grade observations,HUMAN_OBSERVATION,2020-08-16,2020-08-16,21.3,0.1,76.0,13.2
4908582016,DE,Nordrhein-Westfalen,51.479182,6.768417,2020-08-30T11:34,2020,8,30.0,iNaturalist research-grade observations,HUMAN_OBSERVATION,2020-08-30,2020-08-30,15.7,1.8,81.0,11.0
3387104728,DE,,49.0,8.4,2020-09-27,2020,9,27.0,,PRESERVED_SPECIMEN,2020-09-27,2020-09-27,10.1,14.5,77.0,24.3
2901578849,FR,Nord-Pas-de-Calais,50.009284,4.024658,2020-10-18,2020,10,18.0,iNaturalist research-grade observations,HUMAN_OBSERVATION,2020-10-18,2020-10-18,8.1,0.1,87.0,9.6
2981230318,DK,,55.672063,12.309369,2020-11-03,2020,11,3.0,,HUMAN_OBSERVATION,2020-11-03,2020-11-03,10.1,0.0,79.0,33.0
6065032699,GB,Wales,51.729737,-3.811354,2019-07-10,2019,7,10.0,SEWBReC Fungi (South East Wales),HUMAN_OBSERVATION,2019-07-10,2019-07-10,,,,
5023537265,DE,,54.329044,13.129549,2019-08-18T00:00,2019,8,18.0,,HUMAN_OBSERVATION,2019-08-18,2019-08-18,18.2,4.0,90.0,14.4
5079949153,SI,,46.328648,15.722614,2019-08-25,2019,8,25.0,,HUMAN_OBSERVATION,2019-08-25,2019-08-25,20.3,4.4,87.0,12.2
3120365034,CH,Zh,47.50602,8.73283,2019-09-01,2019,9,1.0,,HUMAN_OBSERVATION,2019-09-01,2019-09-01,19.6,2.1,75.0,12.1
5079973430,AT,,47.08194,15.45722,2019-09-19,2019,9,19.0,,PRESERVED_SPECIMEN,2019-09-19,2019-09-19,,,,
5079908594,AT,,47.182373,15.980202,2019-10-13,2019,10,13.0,,HUMAN_OBSERVATION,2019-10-13,2019-10-13,11.8,0.0,84.0,6.2
5079856338,AT,,48.209217,16.510612,2018-06-08,2018,6,8.0,,HUMAN_OBSERVATION,2018-06-08,2018-06-08,22.7,3.4,75.0,19.0
5079841258,AT,,48.20284,16.322851,2018-07-12,2018,7,12.0,,HUMAN_OBSERVATION,2018-07-12,2018-07-12,,,,
5079824867,AT,,48.03592,16.35682,2018-08-05,2018,8,5.0,,HUMAN_OBSERVATION,2018-08-05,2018-08-05,25.7,1.2,63.0,13.0
5020821887,DE,,50.126633,8.657827,2018-10-06T00:00,2018,10,6.0,,HUMAN_OBSERVATION,2018-10-06,2018-10-06,15.4,0.0,71.0,13.6
2603408120,RU,Krasnodar,44.831472,38.380976,2017-06-21T14:47,2017,6,21.0,iNaturalist research-grade observations,HUMAN_OBSERVATION,2017-06-21,2017-06-21,20.7,0.0,64.0,19.9
3911505349,IS,,64.2443,-21.4436,2017-09-10,2017,9,10.0,,MATERIAL_SAMPLE,2017-09-10,2017-09-10,4.4,0.1,84.0,26.9
3911552763,IS,,64.2443,-21.4436,2017-09-10,2017,9,10.0,,MATERIAL_SAMPLE,2017-09-10,2017-09-10,4.4,0.1,84.0,26.9
2441768669,FI,,60.426,22.992,2016-07-25,2016,7,25.0,,MATERIAL_SAMPLE,2016-07-25,2016-07-25,19.6,0.0,79.0,8.2
2574234654,RU,Krasnodar,44.831878,38.380771,2016-07-02T13:25,2016,7,2.0,iNaturalist research-grade observations,HUMAN_OBSERVATION,2016-07-02,2016-07-02,,,,
3916331142,FI,,60.425,23.0,2016-07-25,2016,7,25.0,,MATERIAL_SAMPLE,2016-07-25,2016-07-25,19.6,0.0,79.0,8.2
3916331262,FI,,60.746,21.689,2016-07-25,2016,7,25.0,,MATERIAL_SAMPLE,2016-07-25,2016-07-25,19.5,0.0,79.0,9.3
3916337318,FI,,60.559,22.64,2016-07-25,2016,7,25.0,,MATERIAL_SAMPLE,2016-07-25,2016-07-25,19.6,0.0,78.0,8.6
3916337669,FI,,60.425,23.0,2016-07-25,2016,7,25.0,,MATERIAL_SAMPLE,2016-07-25,2016-07-25,19.6,0.0,79.0,8.2
3916395666,FI,,60.561,22.642,2016-07-25,2016,7,25.0,,MATERIAL_SAMPLE,2016-07-25,2016-07-25,19.6,0.0,78.0,8.6
3120416703,CH,Be,46.74662,8.12567,2016-08-25,2016,8,25.0,,HUMAN_OBSERVATION,2016-08-25,2016-08-25,22.3,1.3,82.0,6.6
3911475163,IS,,64.0463,-18.2726,2016-08-24,2016,8,24.0,,MATERIAL_SAMPLE,2016-08-24,2016-08-24,,,,
5027332054,DE,,49.774731,7.998991,2016-08-07T00:00,2016,8,7.0,,HUMAN_OBSERVATION,2016-08-07,2016-08-07,18.9,0.0,71.0,8.7
5079838310,AT,,48.197453,16.443863,2016-09-20,2016,9,20.0,,HUMAN_OBSERVATION,2016-09-20,2016-09-20,15.5,0.0,54.0,22.4
3917207699,FI,,60.25,25.3,2016-10-01,2016,10,1.0,,MATERIAL_SAMPLE,2016-10-01,2016-10-01,,,,
5079856344,AT,,48.20924,16.510635,2016-10-24,2016,10,24.0,,HUMAN_OBSERVATION,2016-10-24,2016-10-24,11.2,0.2,90.0,15.8
3120323566,CH,Ti,46.37858,8.96595,2015-10-27,2015,10,27.0,,PRESERVED_SPECIMEN,2015-10-27,2015-10-27,9.8,0.0,74.0,5.8
3120363664,CH,Ge,46.24685,6.1744,2015-10-10,2015,10,10.0,,PRESERVED_SPECIMEN,2015-10-10,2015-10-10,12.2,0.0,83.0,11.4
3120408190,CH,Vd,46.42745,6.23524,2015-10-23,2015,10,23.0,,HUMAN_OBSERVATION,2015-10-23,2015-10-23,10.1,0.0,87.0,10.0
4868699695,GB,,50.721809,-2.755867,2014-07-02T00:00,2014,7,2.0,,PRESERVED_SPECIMEN,2014-07-02,2014-07-02,15.8,0.0,74.0,14.7
4868697889,GB,,50.944286,-2.498956,2014-09-06T00:00,2014,9,6.0,,PRESERVED_SPECIMEN,2014-09-06,2014-09-06,,,,
4868697927,GB,,50.839359,-2.908325,2014-09-20T00:00,2014,9,20.0,,PRESERVED_SPECIMEN,2014-09-20,2014-09-20,,,,
4868699728,GB,,50.948582,-2.711133,2014-09-17T00:00,2014,9,17.0,,PRESERVED_SPECIMEN,2014-09-17,2014-09-17,18.0,0.0,78.0,24.2
4868885740,GB,,50.948582,-2.711133,2014-09-17T00:00,2014,9,17.0,,PRESERVED_SPECIMEN,2014-09-17,2014-09-17,18.0,0.0,78.0,24.2
4869072658,GB,,50.923401,-3.479152,2014-09-18T00:00,2014,9,18.0,,PRESERVED_SPECIMEN,2014-09-18,2014-09-18,17.6,4.0,90.0,19.2
4868885846,JE,,49.227849,-2.071529,2014-10-15T00:00,2014,10,15.0,,PRESERVED_SPECIMEN,2014-10-15,2014-10-15,,,,
2846028825,DE,,49.0,8.4,2013-05-28,2013,5,28.0,,PRESERVED_SPECIMEN,2013-05-28,2013-05-28,14.3,5.1,73.0,17.0
5026246744,DE,,47.670532,7.533059,2013-07-20T00:00,2013,7,20.0,,HUMAN_OBSERVATION,2013-07-20,2013-07-20,,,,
1638417206,AT,,47.08167,15.45667,2013-09-30,2013,9,30.0,,PRESERVED_SPECIMEN,2013-09-30,2013-09-30,8.6,19.5,90.0,9.4
3119962064,CH,Ti,46.15693,8.7008,2013-11-01,2013,11,1.0,,HUMAN_OBSERVATION,2013-11-01,2013-11-01,8.8,1.3,91.0,5.4
3120397190,CH,Ti,46.0638,8.95714,2013-11-10,2013,11,10.0,,HUMAN_OBSERVATION,2013-11-10,2013-11-10,6.3,3.1,77.0,13.0
3120411216,CH,Ti,46.20116,8.76661,2013-11-01,2013,11,1.0,,HUMAN_OBSERVATION,2013-11-01,2013-11-01,,,,
694846485,DE,,49.468472,7.172722,2012-08-31,2012,8,31.0,,PRESERVED_SPECIMEN,2012-08-31,2012-08-31,13.3,2.4,80.0,24.6
694846490,DE,,51.267778,14.094722,2012-08-01,2012,8,1.0,,PRESERVED_SPECIMEN,2012-08-01,2012-08-01,20.0,0.0,65.0,12.2
3120302404,CH,Zh,47.50602,8.73283,2012-08-26,2012,8,26.0,,PRESERVED_SPECIMEN,2012-08-26,2012-08-26,15.4,2.2,74.0,22.6
4868845073,GB,,50.720539,-3.528013,2012-08-22T00:00,2012,8,22.0,,PRESERVED_SPECIMEN,2012-08-22,2012-08-22,15.7,0.4,80.0,20.7
6135412768,GB,England,51.4,-2.9,2012-08-16,2012,8,16.0,Fungus Conservation Trust - CATE,HUMAN_OBSERVATION,2012-08-16,2012-08-16,17.1,3.7,81.0,25.2
3120398165,CH,Ti,46.42355,8.96722,2012-09-05,2012,9,5.0,,HUMAN_OBSERVATION,2012-09-05,2012-09-05,17.7,1.4,85.0,6.8
4868866044,GB,,51.478622,-2.372272,2012-09-04T00:00,2012,9,4.0,,PRESERVED_SPECIMEN,2012-09-04,2012-09-04,,,,
4869017606,GB,,50.961086,-2.856581,2012-09-14T00:00,2012,9,14.0,,PRESERVED_SPECIMEN,2012-09-14,2012-09-14,15.0,0.0,77.0,28.7
5071005405,UA,Sums'ka Oblast',50.8968,34.7741,2012-10-14,2012,10,14.0,,HUMAN_OBSERVATION,2012-10-14,2012-10-14,6.3,1.7,85.0,18.4
3120340185,CH,Ti,46.20116,8.76661,2012-11-15,2012,11,15.0,,HUMAN_OBSERVATION,2012-11-15,2012-11-15,2.7,0.0,81.0,7.0
5071005407,UA,Sums'ka Oblast',50.8966,34.7742,2011-10-15,2011,10,15.0,,HUMAN_OBSERVATION,2011-10-15,2011-10-15,4.4,0.2,78.0,14.7
3120411183,CH,Ti,46.15373,8.95965,2010-09-10,2010,9,10.0,,HUMAN_OBSERVATION,2010-09-10,2010-09-10,18.9,0.0,65.0,8.3
3120340221,CH,Ti,46.19956,8.89614,2010-11-05,2010,11,5.0,,HUMAN_OBSERVATION,2010-11-05,2010-11-05,5.0,0.0,85.0,5.8
442066648,DE,,51.1775,14.422778,2009-08-19,2009,8,19.0,,PRESERVED_SPECIMEN,2009-08-19,2009-08-19,,,,
1622373314,DE,,51.936039,11.786434,2009-08-27,2009,8,27.0,,PRESERVED_SPECIMEN,2009-08-27,2009-08-27,22.7,0.0,62.0,13.2
2845998775,FR,,48.5,7.5,2009-08-30,2009,8,30.0,,PRESERVED_SPECIMEN,2009-08-30,2009-08-30,16.0,0.0,67.0,6.6
3120398192,CH,Ti,46.2019,8.70185,2009-08-01,2009,8,1.0,,HUMAN_OBSERVATION,2009-08-01,2009-08-01,16.4,3.6,88.0,6.8
3120358203,CH,Vs,46.29887,7.53598,2009-10-28,2009,10,28.0,,HUMAN_OBSERVATION,2009-10-28,2009-10-28,,,,
4006715591,UA,Kharkiv,50.054843,36.302977,2008-07-09T10:43,2008,7,9.0,iNaturalist research-grade observations,HUMAN_OBSERVATION,2008-07-09,2008-07-09,19.2,12.2,82.0,13.7
694846481,DE,,51.773098,12.635928,2008-09-08,2008,9,8.0,,PRESERVED_SPECIMEN,2008-09-08,2008-09-08,,,,
2845998767,DE,,49.0,8.6,2007-07-28,2007,7,28.0,,PRESERVED_SPECIMEN,2007-07-28,2007-07-28,18.9,0.7,73.0,26.3
2845976954,DE,,49.3,9.4,2007-08-29,2007,8,29.0,,PRESERVED_SPECIMEN,2007-08-29,2007-08-29,16.2,0.0,63.0,14.3
6135640093,GB,England,52.4,-0.4,2007-08-15,2007,8,15.0,Fungus Conservation Trust - CATE,HUMAN_OBSERVATION,2007-08-15,2007-08-15,,,,
442066369,DE,,51.254852,11.668801,2007-09-02,2007,9,2.0,,PRESERVED_SPECIMEN,2007-09-02,2007-09-02,16.5,0.0,71.0,17.2
3119987179,CH,Ti,45.97471,8.89015,2007-09-13,2007,9,13.0,,HUMAN_OBSERVATION,2007-09-13,2007-09-13,18.6,0.0,71.0,6.6
3120016210,CH,Ti,46.01968,8.89135,2007-09-14,2007,9,14.0,,HUMAN_OBSERVATION,2007-09-14,2007-09-14,15.8,0.0,74.0,5.0
3120326142,CH,Vs,46.25389,7.34139,2007-09-29,2007,9,29.0,,HUMAN_OBSERVATION,2007-09-29,2007-09-29,7.7,0.0,71.0,6.3
3120358173,CH,Ti,45.97471,8.89015,2007-09-11,2007,9,11.0,,HUMAN_OBSERVATION,2007-09-11,2007-09-11,19.1,0.0,56.0,11.5
2846032370,DE,,49.0,8.4,2006-07-16,2006,7,16.0,,PRESERVED_SPECIMEN,2006-07-16,2006-07-16,23.2,0.0,44.0,18.0
3120016209,CH,Vs,46.29887,7.53598,2006-08-11,2006,8,11.0,,HUMAN_OBSERVATION,2006-08-11,2006-08-11,13.6,10.4,89.0,7.1
3120386746,CH,Ge,46.24685,6.1744,2006-08-15,2006,8,15.0,,HUMAN_OBSERVATION,2006-08-15,2006-08-15,,,,
5079612974,AT,,47.72286,16.37096,2006-08-23,2006,8,23.0,,HUMAN_OBSERVATION,2006-08-23,2006-08-23,,,,
2846009045,DE,,50.0,8.1,2006-10-01,2006,10,1.0,,PRESERVED_SPECIMEN,2006-10-01,2006-10-01,,,,
5079608319,AT,,47.72286,16.37096,2006-10-17,2006,10,17.0,,HUMAN_OBSERVATION,2006-10-17,2006-10-17,7.4,0.0,74.0,14.7
328235461,RO,Giurgiu,44.43333,25.7,2005-09-16,2005,9,16.0,,PRESERVED_SPECIMEN,2005-09-16,2005-09-16,19.1,0.5,83.0,8.4
442064056,DE,,51.177372,11.796452,2003-06-17,2003,6,17.0,,PRESERVED_SPECIMEN,2003-06-17,2003-06-17,,,,
3120256173,CH,Ti,45.88303,9.01655,2002-07-08,2002,7,8.0,,HUMAN_OBSERVATION,2002-07-08,2002-07-08,,,,
5080000433,AT,,48.25404,16.33722,2002-10-05,2002,10,5.0,,PRESERVED_SPECIMEN,2002-10-05,2002-10-05,11.3,0.4,77.0,24.8
3120352763,CH,Ge,46.24685,6.1744,2001-07-15,2001,7,15.0,,HUMAN_OBSERVATION,2001-07-15,2001-07-15,14.7,42.1,92.0,9.2
2845980939,DE,,47.7,9.1,2001-08-30,2001,8,30.0,,PRESERVED_SPECIMEN,2001-08-30,2001-08-30,17.2,3.6,78.0,14.7
